name,category,unit,weight_kg,brand,price_usd,price_usd_retail,price_usd_cash,is_active
Las Tunas Desarrollo Crecimiento Cerdo,Porcino,Saco,40.0,,38.00,1.03,35.00,True
Corpoagro Alimento Balanceado,Granja,Saco,35.0,,24.00,1.07,21.00,True
Alipa Inicio Cerdo,Porcino,Saco,40.0,,41.00,1.06,39.00,True
Alipa Desarrollo Cerdo,Porcino,Saco,40.0,,39.00,1.06,36.00,True
Alipa Terminador Cerdo,Porcino,Saco,40.0,,39.00,1.06,36.00,True
Vitalim Cachavit,Granja,Saco,26.0,,33.00,1.75,30.00,True
Maíz Amarillo,Materia Prima,Saco,50.0,,28.00,0.68,24.00,True
Pico de Maíz,Materia Prima,Saco,50.0,,41.00,0.86,37.00,True
Frijol Chino,Materia Prima,Saco,40.0,,31.00,0.75,27.00,True
Arroz Picao,Materia Prima,Saco,50.0,,39.00,0.75,35.00,True
Torta Polar Cerdos,Materia Prima,Saco,28.0,,20.50,0.68,17.00,True
Concha de Arroz,Materia Prima,Saco,,,3.00,3.00,2.00,True
Melaza,Suplementos,Tobo,25.0,,20.00,1.30,18.00,True
Sal Roja - Sal Blanca,Suplementos,Saco,20.0,,4.50,4.50,3.00,True
Mixto Aves,Aves,Otro,1.0,,3.00,3.00,2.50,True
Alpiste,Aves,Otro,1.0,,5.00,5.00,3.00,True
Girasol,Aves,Otro,1.0,,6.00,6.00,3.00,True
Ringo Cachorro Perrarina,Perro,Saco,30.0,,77.00,2.98,64.00,True
Ringo Adulto Perrarina,Perro,Saco,30.0,,70.00,2.70,58.00,True
Dogourmet Cachorro Perrarina,Perro,Saco,18.0,,74.00,5.06,74.00,True
Italcan Perrarina,Perro,Saco,30.0,,64.00,2.50,54.00,True
Filpo Perrarina,Perro,Saco,30.0,,61.00,2.50,50.00,True
Filpo Gatos,Gato,Saco,8.0,,35.00,4.55,30.00,True
Mirringo Gatos 1 Kg x 20 Kg,Gato,Saco,20.0,,80.50,5.05,65.00,True
Mirringo Gatos,Gato,Saco,8.0,,32.50,5.05,25.00,True
Don Kat Gatarina,Gato,Saco,16.0,,72.00,5.11,62.00,True
Gatsby Pescado Gatarina,Gato,Saco,17.0,,68.00,4.82,60.00,True
Arena para Gatos,Gato,Otro,2.0,,3.80,3.80,3.00,True
Arena para Gatos Strong Cat,Gato,Otro,4.0,,9.85,9.85,8.00,True
Fortalina Puricachama,Granja,Saco,25.0,,38.00,1.75,35.00,True
Convaca P1 Inicio Pollos,Aves,Saco,40.0,,39.00,1.06,36.00,True
Convaca P2 Engorde Pollos,Aves,Saco,40.0,,37.00,1.06,35.00,True
Convaca Cerdextra,Porcino,Saco,40.0,,42.00,,38.00,True
Convaca Nº 15,Ganado,Saco,35.0,,19.50,0.56,17.00,True
Convaca Cerdo Genérico,Porcino,Saco,35.0,,24.90,0.71,,True
Vitalim Multipropósito,Ganado,Saco,40.0,,20.00,0.56,18.00,True
Mundo Granos Multiespecies,Granja,Saco,40.0,,20.00,0.54,17.00,True
Mundo Granos Terminador 15%,Porcino,Saco,40.0,,28.00,0.76,25.00,True
Ligadito Maikel Cerdos,Porcino,Saco,40.0,,29.00,0.73,26.00,True
Proalca Vaca Lechera 18%,Ganado,Saco,35.0,,24.00,,21.00,True
Puro Lomo Cerdo Especial,Porcino,Saco,20.0,,16.00,,13.00,True
Puro Lomo Vaca Lechera 21%,Ganado,Saco,35.0,,30.00,0.86,26.00,True
Procia Multipollos,Aves,Saco,35.0,,28.00,0.85,25.00,True
Procia Vaca Lechera 18%,Ganado,Saco,35.0,,25.50,,22.00,True
Procia Multiponedora 12%,Aves,Saco,35.0,,27.50,0.83,24.00,True
La Granja Ponedora,Aves,Saco,35.0,,25.00,0.75,22.00,True
Las Tunas Ponedora,Aves,Saco,40.0,,38.00,1.00,35.00,True
Agroproca Ponedora 18%,Aves,Saco,40.0,,36.00,0.96,32.00,True
Vitalim Top Dog 18 Kg,Perro,Saco,18.0,,33.00,2.10,29.00,True
Arena para Gatos Neo Clean 4.15 Kg,Gato,Otro,4.2,,7.80,7.80,6.00,True
